{
    "os": "Linux-5.11.0-38-generic-x86_64-with-glibc2.10",
    "python": "3.8.8",
    "heartbeatAt": "2021-10-26T16:54:53.033436",
    "startedAt": "2021-10-26T16:54:48.348537",
    "docker": null,
    "gpu": "GeForce RTX 3060",
    "gpu_count": 1,
    "cpu_count": 6,
    "cuda": null,
    "args": [
        "-f",
        "/home/indika/.local/share/jupyter/runtime/kernel-06b581a8-644b-403a-9803-d35918146222.json"
    ],
    "state": "running",
    "program": "00.ipynb",
    "root": "/media/indika/Sync/Programming/Projects/Python/Artifical-Intelligence/PyTorch/RNN/Weather-archive-Jena-V3",
    "host": "programmer-rd-ai",
    "username": "indika",
    "executable": "/media/indika/Sync/anaconda3/bin/python"
}
